,run,train acc,test acc,n,m
0,1,0.9989908739908739,0.8520831200737026,31,6
1,2,0.9933309933309933,0.8480908997850343,13,9
2,3,1.0,0.8550516941345071,167,18
3,4,1.0,0.8569966219674481,145,15
4,5,0.9996489996489997,0.8538233186610708,54,13
5,6,0.997060372060372,0.8459412427065206,19,2
6,7,1.0,0.8550516941345071,118,7
7,8,1.0,0.8568942573446617,197,12
8,9,1.0,0.853618589415498,136,11
9,10,0.9997367497367498,0.8510594738458389,54,8
10,11,0.9996051246051246,0.8498310983724024,45,4
11,12,1.0,0.8513665677141979,78,4
12,13,1.0,0.8572013512130208,122,17
13,14,1.0,0.8534138601699253,124,5
14,15,0.9986837486837487,0.8532091309243526,36,16
15,16,1.0,0.8547446002661481,154,11
16,17,0.9997367497367498,0.8537209540382844,54,16
17,18,0.9755616005616006,0.8437915856280069,6,18
18,19,1.0,0.8542327771522162,155,11
19,20,1.0,0.8540280479066434,178,6
20,21,1.0,0.8539256832838571,124,11
21,22,1.0,0.8565871634763026,104,15
22,23,1.0,0.8579179035725253,167,14
23,24,1.0,0.8550516941345071,167,18
24,25,1.0,0.8550516941345071,167,18
25,26,1.0,0.853618589415498,124,6
26,27,1.0,0.8540280479066434,165,11
27,28,1.0,0.8572013512130208,167,12
28,29,1.0,0.8547446002661481,165,13
29,30,1.0,0.8545398710205753,194,11
30,31,1.0,0.8565871634763026,104,15
31,32,1.0,0.8554611526256526,154,19
32,33,1.0,0.8569966219674481,145,15
33,34,1.0,0.8472719828027434,105,1
34,35,1.0,0.8550516941345071,118,8
35,36,1.0,0.8547446002661481,121,7
36,37,1.0,0.8572013512130208,184,12
37,38,1.0,0.8543351417750026,108,7
38,39,1.0,0.8546422356433616,128,7
39,40,0.9992979992979993,0.8529020370559934,41,12
40,41,1.0,0.8566895280990889,145,14
41,42,1.0,0.8552564233800799,194,8
42,43,1.0,0.8570989865902344,186,12
43,44,1.0,0.8543351417750026,182,8
44,45,1.0,0.8572013512130208,122,17
45,46,1.0,0.8554611526256526,154,19
46,47,1.0,0.8560753403623708,122,19
47,48,1.0,0.8549493295117208,167,7
48,49,1.0,0.8576108097041663,146,15
49,50,1.0,0.8549493295117208,183,9
50,51,1.0,0.8568942573446617,107,15
51,52,1.0,0.8562800696079435,132,12
52,53,1.0,0.8570989865902344,189,12
53,54,0.9984643734643734,0.8521854846964889,27,12
54,55,1.0,0.8579179035725253,197,15
