,run,train acc,test acc,n,m
0,1,0.9989908739908739,0.8520831200737026,31,6
1,2,0.9933309933309933,0.8480908997850343,13,9
2,3,1.0,0.8550516941345071,167,18
3,4,1.0,0.8569966219674481,145,15
4,5,0.9996489996489997,0.8538233186610708,54,13
5,6,0.997060372060372,0.8459412427065206,19,2
6,7,1.0,0.8550516941345071,118,7
7,8,1.0,0.8568942573446617,197,12
8,9,1.0,0.853618589415498,136,11
9,10,0.9997367497367498,0.8510594738458389,54,8
10,11,0.9996051246051246,0.8498310983724024,45,4
11,12,1.0,0.8513665677141979,78,4
12,13,1.0,0.8572013512130208,122,17
13,14,1.0,0.8534138601699253,124,5
14,15,0.9986837486837487,0.8532091309243526,36,16
15,16,1.0,0.8550516941345071,122,13
16,17,0.9996489996489997,0.8554611526256526,54,17
17,18,1.0,0.8538233186610708,155,8
18,19,0.9987276237276237,0.853618589415498,36,13
19,20,0.9991224991224992,0.8501381922407616,36,8
20,21,1.0,0.8573037158358071,155,16
21,22,1.0,0.8568942573446617,197,12
22,23,1.0,0.8550516941345071,170,18
23,24,1.0,0.8550516941345071,167,8
24,25,0.9997367497367498,0.8537209540382844,54,16
25,26,1.0,0.8572013512130208,122,17
26,27,0.9996489996489997,0.8538233186610708,54,13
27,28,1.0,0.8491145460128979,197,1
28,29,1.0,0.8546422356433616,155,13
29,30,0.9989908739908739,0.8537209540382844,37,18
30,31,1.0,0.8541304125294298,135,13
31,32,0.999956124956125,0.8551540587572934,81,8
32,33,1.0,0.8565871634763026,118,15
33,34,1.0,0.8537209540382844,137,18
34,35,1.0,0.8575084450813799,168,14
