,run,train acc,test acc,n,m
0,1,1.0,0.9624277456647399,31,6
1,2,0.0,0.0,13,9
2,3,0.0,0.0,167,18
3,4,0.0,0.0,145,15
4,5,0.0,0.0,54,13
5,6,1.0,0.9566473988439307,19,2
6,7,0.0,0.0,118,7
7,8,0.0,0.0,197,12
8,9,0.0,0.0,136,11
9,10,0.0,0.0,54,8
10,11,1.0,0.9624277456647399,45,4
11,12,1.0,0.9624277456647399,78,4
12,13,0.0,0.0,122,17
13,14,1.0,0.9653179190751445,124,5
14,15,0.0,0.0,36,16
15,16,0.0,0.0,154,11
16,17,0.0,0.0,13,8
17,18,0.0,0.0,6,18
18,19,0.0,0.0,83,18
19,20,1.0,0.9710982658959537,178,6
20,21,0.0,0.0,197,9
21,22,0.0,0.0,104,15
22,23,0.0,0.0,78,7
23,24,1.0,0.9566473988439307,19,2
24,25,1.0,0.9566473988439307,19,2
25,26,0.0,0.0,118,13
26,27,0.0,0.0,102,7
27,28,0.0,0.0,178,12
28,29,0.0,0.0,177,12
29,30,0.0,0.0,194,15
30,31,1.0,0.9624277456647399,78,4
31,32,0.0,0.0,145,19
32,33,1.0,0.9624277456647399,45,4
33,34,1.0,0.9653179190751445,105,1
34,35,0.0,0.0,167,15
35,36,0.0,0.0,121,7
36,37,1.0,0.9595375722543352,51,4
37,38,0.0,0.0,108,18
38,39,0.0,0.0,128,18
39,40,1.0,0.9595375722543352,41,6
40,41,1.0,0.9624277456647399,45,5
41,42,0.0,0.0,194,8
42,43,1.0,0.9595375722543352,37,6
43,44,0.0,0.0,182,8
44,45,1.0,0.9653179190751445,124,5
45,46,0.0,0.0,37,19
46,47,1.0,0.9739884393063584,124,6
47,48,0.0,0.0,124,7
48,49,1.0,0.9653179190751445,100,4
49,50,0.0,0.0,183,9
50,51,1.0,0.9682080924855492,42,4
51,52,1.0,0.9682080924855492,132,4
52,53,1.0,0.9682080924855492,189,4
53,54,1.0,0.9566473988439307,27,4
54,55,1.0,0.9595375722543352,45,6
